{"extraResources":{"example.01.mu":"TVXzATUNCjEgMyA1IDQNCg=="},"scoring":"Потестовая оценка. В данной задаче используется 3 теста. Больше генерить мне было лень, да и зачем? Я верю, что вы легко справитесь с такой простой задачей.\r\n\r\n--- M F","notes":"Это тестовая задача, придуманная разработчиками тестирующей системы Elan. Она создана в Polygon и экспортирована в Elan.","legend":"На день рождения Алене подарили перестановку $X$ длины $n$. Напомним, что перестановкой является упорядоченный набор из $n$ различных чисел от $1$ до $n$ (например, $\\{1, 2, 3\\}$ является перестановкой, а $\\{1, 2, 4\\}$ или $\\{1, 2, 2\\}$ - не является).\r\n\r\nК сожалению, когда Алена оставила свой подарок в комнате без присмотра, к нему подбежала собака Елань и съела одно число.\r\n\r\nПомогите Алене восстановить ее перестановку и узнать съеденное число, иначе получите ~тапочком по лицу~ реджект.","authorLogin":"mark","language":"russian","timeLimit":1000,"output":"Выведите число, которое съела Елань.","inputFile":"stdin","outputFile":"stdout","input":"В первой строке дано число $n$ ($0 \\lt n \\lt 2 * 10^5$). Во второй строке записано $n-1$ число - элементы перестановки $X$ без одного элемента ($0 \\lt x_i \\lt n + 1$).","authorName":"Mark Fomin","sampleTests":[{"output":"2\r\n","input":"5\r\n1 3 5 4\r\n","inputFile":"example.01","outputFile":"example.01.a"}],"name":"MEX и день рождения","interaction":null,"memoryLimit":268435456,"tutorial":"Follow the white rabbit..?"}